<?xml version="1.0" encoding="UTF-8"?><?xml-stylesheet type='text/xsl' href='_UpgradeReport_Files/UpgradeReport.xslt'?><UpgradeLog>
<Properties><Property Name="Solution" Value="jm_vc9">
</Property><Property Name="Solution File" Value="D:\Yetish\Dev\Feb\jm18.4_YGJ_26thFeb2013\jm18.4_YGJ\JM\jm_vc9.sln">
</Property><Property Name="Date" Value="26 February 2013">
</Property><Property Name="Time" Value="13:15">
</Property></Properties><Event ErrorLevel="0" Project="" Source="jm_vc9.sln" Description="File successfully backed up as D:\Yetish\Dev\Feb\jm18.4_YGJ_26thFeb2013\jm18.4_YGJ\JM\jm_vc9.sln.old">
</Event><Event ErrorLevel="0" Project="lencod_vc9" Source="lencod_vc9.vcproj" Description="Converting project file 'D:\Yetish\Dev\Feb\jm18.4_YGJ_26thFeb2013\jm18.4_YGJ\JM\lencod_vc9.vcproj'.">
</Event><Event ErrorLevel="1" Project="lencod_vc9" Source="lencod_vc9.vcproj" Description="VCWebServiceProxyGeneratorTool is no longer supported. The tool has been removed from your project settings.">
</Event><Event ErrorLevel="1" Project="lencod_vc9" Source="lencod_vc9.vcproj" Description="MSB8012: $(TargetPath) ('D:\Yetish\Dev\Feb\jm18.4_YGJ_26thFeb2013\jm18.4_YGJ\JM\.\lencod/Debug_Win32_vc9\lencod.exe') does not match the Linker's OutputFile property value './bin/lencod.exe' ('D:\Yetish\Dev\Feb\jm18.4_YGJ_26thFeb2013\jm18.4_YGJ\JM\./bin/lencod.exe') in project configuration 'Debug|Win32'. This may cause your project to build incorrectly. To correct this, please make sure that $(TargetPath) property value matches the value specified in %(Link.OutputFile).">
</Event><Event ErrorLevel="1" Project="lencod_vc9" Source="lencod_vc9.vcproj" Description="MSB8012: $(TargetPath) ('D:\Yetish\Dev\Feb\jm18.4_YGJ_26thFeb2013\jm18.4_YGJ\JM\.\lencod\Debug_x64_vc9\lencod.exe') does not match the Linker's OutputFile property value './bin/lencod.exe' ('D:\Yetish\Dev\Feb\jm18.4_YGJ_26thFeb2013\jm18.4_YGJ\JM\./bin/lencod.exe') in project configuration 'Debug|x64'. This may cause your project to build incorrectly. To correct this, please make sure that $(TargetPath) property value matches the value specified in %(Link.OutputFile).">
</Event><Event ErrorLevel="1" Project="lencod_vc9" Source="lencod_vc9.vcproj" Description="MSB8012: $(TargetPath) ('D:\Yetish\Dev\Feb\jm18.4_YGJ_26thFeb2013\jm18.4_YGJ\JM\.\lencod\Release_Win32_vc9\lencod.exe') does not match the Linker's OutputFile property value './bin/lencod.exe' ('D:\Yetish\Dev\Feb\jm18.4_YGJ_26thFeb2013\jm18.4_YGJ\JM\./bin/lencod.exe') in project configuration 'Release|Win32'. This may cause your project to build incorrectly. To correct this, please make sure that $(TargetPath) property value matches the value specified in %(Link.OutputFile).">
</Event><Event ErrorLevel="1" Project="lencod_vc9" Source="lencod_vc9.vcproj" Description="MSB8012: $(TargetPath) ('D:\Yetish\Dev\Feb\jm18.4_YGJ_26thFeb2013\jm18.4_YGJ\JM\.\lencod\Release_x64_vc9\lencod.exe') does not match the Linker's OutputFile property value './bin/lencod.exe' ('D:\Yetish\Dev\Feb\jm18.4_YGJ_26thFeb2013\jm18.4_YGJ\JM\./bin/lencod.exe') in project configuration 'Release|x64'. This may cause your project to build incorrectly. To correct this, please make sure that $(TargetPath) property value matches the value specified in %(Link.OutputFile).">
</Event><Event ErrorLevel="0" Project="lencod_vc9" Source="lencod_vc9.vcproj" Description="Done converting to new project file 'D:\Yetish\Dev\Feb\jm18.4_YGJ_26thFeb2013\jm18.4_YGJ\JM\lencod_vc9.vcxproj'.">
</Event><Event ErrorLevel="3" Project="lencod_vc9" Source="lencod_vc9.vcproj" Description="Converted">
</Event><Event ErrorLevel="0" Project="rtpdump_vc9" Source="rtpdump\rtpdump_vc9.vcproj" Description="Converting project file 'D:\Yetish\Dev\Feb\jm18.4_YGJ_26thFeb2013\jm18.4_YGJ\JM\rtpdump\rtpdump_vc9.vcproj'.">
</Event><Event ErrorLevel="1" Project="rtpdump_vc9" Source="rtpdump\rtpdump_vc9.vcproj" Description="VCWebServiceProxyGeneratorTool is no longer supported. The tool has been removed from your project settings.">
</Event><Event ErrorLevel="1" Project="rtpdump_vc9" Source="rtpdump\rtpdump_vc9.vcproj" Description="MSB8012: $(TargetPath) ('D:\Yetish\Dev\Feb\jm18.4_YGJ_26thFeb2013\jm18.4_YGJ\JM\Debug_Win32_vc9\rtpdump.exe') does not match the Linker's OutputFile property value '..\bin\rtpdump.exe' ('D:\Yetish\Dev\Feb\jm18.4_YGJ_26thFeb2013\jm18.4_YGJ\bin\rtpdump.exe') in project configuration 'Debug|Win32'. This may cause your project to build incorrectly. To correct this, please make sure that $(TargetPath) property value matches the value specified in %(Link.OutputFile).">
</Event><Event ErrorLevel="1" Project="rtpdump_vc9" Source="rtpdump\rtpdump_vc9.vcproj" Description="MSB8012: $(TargetPath) ('D:\Yetish\Dev\Feb\jm18.4_YGJ_26thFeb2013\jm18.4_YGJ\JM\Debug_x64_vc9\rtpdump.exe') does not match the Linker's OutputFile property value '..\bin\rtpdump.exe' ('D:\Yetish\Dev\Feb\jm18.4_YGJ_26thFeb2013\jm18.4_YGJ\bin\rtpdump.exe') in project configuration 'Debug|x64'. This may cause your project to build incorrectly. To correct this, please make sure that $(TargetPath) property value matches the value specified in %(Link.OutputFile).">
</Event><Event ErrorLevel="1" Project="rtpdump_vc9" Source="rtpdump\rtpdump_vc9.vcproj" Description="MSB8012: $(TargetPath) ('D:\Yetish\Dev\Feb\jm18.4_YGJ_26thFeb2013\jm18.4_YGJ\JM\Release_Win32_vc9\rtpdump.exe') does not match the Linker's OutputFile property value '..\bin\rtpdump.exe' ('D:\Yetish\Dev\Feb\jm18.4_YGJ_26thFeb2013\jm18.4_YGJ\bin\rtpdump.exe') in project configuration 'Release|Win32'. This may cause your project to build incorrectly. To correct this, please make sure that $(TargetPath) property value matches the value specified in %(Link.OutputFile).">
</Event><Event ErrorLevel="1" Project="rtpdump_vc9" Source="rtpdump\rtpdump_vc9.vcproj" Description="MSB8012: $(TargetPath) ('D:\Yetish\Dev\Feb\jm18.4_YGJ_26thFeb2013\jm18.4_YGJ\JM\Release_x64_vc9\rtpdump.exe') does not match the Linker's OutputFile property value '..\bin\rtpdump.exe' ('D:\Yetish\Dev\Feb\jm18.4_YGJ_26thFeb2013\jm18.4_YGJ\bin\rtpdump.exe') in project configuration 'Release|x64'. This may cause your project to build incorrectly. To correct this, please make sure that $(TargetPath) property value matches the value specified in %(Link.OutputFile).">
</Event><Event ErrorLevel="0" Project="rtpdump_vc9" Source="rtpdump\rtpdump_vc9.vcproj" Description="Done converting to new project file 'D:\Yetish\Dev\Feb\jm18.4_YGJ_26thFeb2013\jm18.4_YGJ\JM\rtpdump\rtpdump_vc9.vcxproj'.">
</Event><Event ErrorLevel="3" Project="rtpdump_vc9" Source="rtpdump\rtpdump_vc9.vcproj" Description="Converted">
</Event><Event ErrorLevel="0" Project="rtp_loss_vc9" Source="rtp_loss\rtp_loss_vc9.vcproj" Description="Converting project file 'D:\Yetish\Dev\Feb\jm18.4_YGJ_26thFeb2013\jm18.4_YGJ\JM\rtp_loss\rtp_loss_vc9.vcproj'.">
</Event><Event ErrorLevel="1" Project="rtp_loss_vc9" Source="rtp_loss\rtp_loss_vc9.vcproj" Description="VCWebServiceProxyGeneratorTool is no longer supported. The tool has been removed from your project settings.">
</Event><Event ErrorLevel="1" Project="rtp_loss_vc9" Source="rtp_loss\rtp_loss_vc9.vcproj" Description="MSB8012: $(TargetPath) ('D:\Yetish\Dev\Feb\jm18.4_YGJ_26thFeb2013\jm18.4_YGJ\JM\Debug_Win32_vc9\rtp_loss.exe') does not match the Linker's OutputFile property value '..\bin\rtp_loss.exe' ('D:\Yetish\Dev\Feb\jm18.4_YGJ_26thFeb2013\jm18.4_YGJ\bin\rtp_loss.exe') in project configuration 'Debug|Win32'. This may cause your project to build incorrectly. To correct this, please make sure that $(TargetPath) property value matches the value specified in %(Link.OutputFile).">
</Event><Event ErrorLevel="1" Project="rtp_loss_vc9" Source="rtp_loss\rtp_loss_vc9.vcproj" Description="MSB8012: $(TargetPath) ('D:\Yetish\Dev\Feb\jm18.4_YGJ_26thFeb2013\jm18.4_YGJ\JM\Debug_x64_vc9\rtp_loss.exe') does not match the Linker's OutputFile property value '..\bin\rtp_loss.exe' ('D:\Yetish\Dev\Feb\jm18.4_YGJ_26thFeb2013\jm18.4_YGJ\bin\rtp_loss.exe') in project configuration 'Debug|x64'. This may cause your project to build incorrectly. To correct this, please make sure that $(TargetPath) property value matches the value specified in %(Link.OutputFile).">
</Event><Event ErrorLevel="1" Project="rtp_loss_vc9" Source="rtp_loss\rtp_loss_vc9.vcproj" Description="MSB8012: $(TargetPath) ('D:\Yetish\Dev\Feb\jm18.4_YGJ_26thFeb2013\jm18.4_YGJ\JM\Release_Win32_vc9\rtp_loss.exe') does not match the Linker's OutputFile property value '..\bin\rtp_loss.exe' ('D:\Yetish\Dev\Feb\jm18.4_YGJ_26thFeb2013\jm18.4_YGJ\bin\rtp_loss.exe') in project configuration 'Release|Win32'. This may cause your project to build incorrectly. To correct this, please make sure that $(TargetPath) property value matches the value specified in %(Link.OutputFile).">
</Event><Event ErrorLevel="1" Project="rtp_loss_vc9" Source="rtp_loss\rtp_loss_vc9.vcproj" Description="MSB8012: $(TargetPath) ('D:\Yetish\Dev\Feb\jm18.4_YGJ_26thFeb2013\jm18.4_YGJ\JM\Release_x64_vc9\rtp_loss.exe') does not match the Linker's OutputFile property value '..\bin\rtp_loss.exe' ('D:\Yetish\Dev\Feb\jm18.4_YGJ_26thFeb2013\jm18.4_YGJ\bin\rtp_loss.exe') in project configuration 'Release|x64'. This may cause your project to build incorrectly. To correct this, please make sure that $(TargetPath) property value matches the value specified in %(Link.OutputFile).">
</Event><Event ErrorLevel="0" Project="rtp_loss_vc9" Source="rtp_loss\rtp_loss_vc9.vcproj" Description="Done converting to new project file 'D:\Yetish\Dev\Feb\jm18.4_YGJ_26thFeb2013\jm18.4_YGJ\JM\rtp_loss\rtp_loss_vc9.vcxproj'.">
</Event><Event ErrorLevel="3" Project="rtp_loss_vc9" Source="rtp_loss\rtp_loss_vc9.vcproj" Description="Converted">
</Event><Event ErrorLevel="0" Project="ldecod_vc9" Source="ldecod_vc9.vcproj" Description="Converting project file 'D:\Yetish\Dev\Feb\jm18.4_YGJ_26thFeb2013\jm18.4_YGJ\JM\ldecod_vc9.vcproj'.">
</Event><Event ErrorLevel="1" Project="ldecod_vc9" Source="ldecod_vc9.vcproj" Description="VCWebServiceProxyGeneratorTool is no longer supported. The tool has been removed from your project settings.">
</Event><Event ErrorLevel="1" Project="ldecod_vc9" Source="ldecod_vc9.vcproj" Description="MSB8012: $(TargetPath) ('D:\Yetish\Dev\Feb\jm18.4_YGJ_26thFeb2013\jm18.4_YGJ\JM\.\ldecod/Debug_Win32_vc9\ldecod.exe') does not match the Linker's OutputFile property value './bin/ldecod.exe' ('D:\Yetish\Dev\Feb\jm18.4_YGJ_26thFeb2013\jm18.4_YGJ\JM\./bin/ldecod.exe') in project configuration 'Debug|Win32'. This may cause your project to build incorrectly. To correct this, please make sure that $(TargetPath) property value matches the value specified in %(Link.OutputFile).">
</Event><Event ErrorLevel="1" Project="ldecod_vc9" Source="ldecod_vc9.vcproj" Description="MSB8012: $(TargetPath) ('D:\Yetish\Dev\Feb\jm18.4_YGJ_26thFeb2013\jm18.4_YGJ\JM\.\ldecod/Debug_x64_vc9\ldecod.exe') does not match the Linker's OutputFile property value './bin/ldecod.exe' ('D:\Yetish\Dev\Feb\jm18.4_YGJ_26thFeb2013\jm18.4_YGJ\JM\./bin/ldecod.exe') in project configuration 'Debug|x64'. This may cause your project to build incorrectly. To correct this, please make sure that $(TargetPath) property value matches the value specified in %(Link.OutputFile).">
</Event><Event ErrorLevel="1" Project="ldecod_vc9" Source="ldecod_vc9.vcproj" Description="MSB8012: $(TargetPath) ('D:\Yetish\Dev\Feb\jm18.4_YGJ_26thFeb2013\jm18.4_YGJ\JM\.\ldecod\Release_Win32_vc9\ldecod.exe') does not match the Linker's OutputFile property value './bin/ldecod.exe' ('D:\Yetish\Dev\Feb\jm18.4_YGJ_26thFeb2013\jm18.4_YGJ\JM\./bin/ldecod.exe') in project configuration 'Release|Win32'. This may cause your project to build incorrectly. To correct this, please make sure that $(TargetPath) property value matches the value specified in %(Link.OutputFile).">
</Event><Event ErrorLevel="1" Project="ldecod_vc9" Source="ldecod_vc9.vcproj" Description="MSB8012: $(TargetPath) ('D:\Yetish\Dev\Feb\jm18.4_YGJ_26thFeb2013\jm18.4_YGJ\JM\.\ldecod/Release_x64_vc9\ldecod.exe') does not match the Linker's OutputFile property value './bin/ldecod.exe' ('D:\Yetish\Dev\Feb\jm18.4_YGJ_26thFeb2013\jm18.4_YGJ\JM\./bin/ldecod.exe') in project configuration 'Release|x64'. This may cause your project to build incorrectly. To correct this, please make sure that $(TargetPath) property value matches the value specified in %(Link.OutputFile).">
</Event><Event ErrorLevel="0" Project="ldecod_vc9" Source="ldecod_vc9.vcproj" Description="Done converting to new project file 'D:\Yetish\Dev\Feb\jm18.4_YGJ_26thFeb2013\jm18.4_YGJ\JM\ldecod_vc9.vcxproj'.">
</Event><Event ErrorLevel="3" Project="ldecod_vc9" Source="ldecod_vc9.vcproj" Description="Converted">
</Event><Event ErrorLevel="0" Project="" Source="jm_vc9.sln" Description="Solution converted successfully">
</Event><Event ErrorLevel="3" Project="" Source="jm_vc9.sln" Description="Converted">
</Event></UpgradeLog>